raccoon/raccoon-1.jpg,81,88,522,408,raccoon
raccoon/raccoon-10.jpg,130,2,446,488,raccoon
raccoon/raccoon-101.jpg,86,53,400,356,raccoon
raccoon/raccoon-102.jpg,1,1,118,152,raccoon
raccoon/raccoon-103.jpg,92,54,460,545,raccoon
raccoon/raccoon-104.jpg,189,41,340,249,raccoon
raccoon/raccoon-105.jpg,250,49,714,869,raccoon
raccoon/raccoon-106.jpg,31,21,226,146,raccoon
raccoon/raccoon-107.jpg,165,51,496,590,raccoon
raccoon/raccoon-108.jpg,99,53,402,464,raccoon
raccoon/raccoon-109.jpg,9,1,177,252,raccoon
raccoon/raccoon-11.jpg,3,1,461,431,raccoon
raccoon/raccoon-110.jpg,23,2,166,262,raccoon
raccoon/raccoon-112.jpg,131,174,775,563,raccoon
raccoon/raccoon-113.jpg,1,1,384,436,raccoon
raccoon/raccoon-114.jpg,242,35,523,264,raccoon
raccoon/raccoon-115.jpg,51,130,351,556,raccoon
raccoon/raccoon-116.jpg,3,1,436,430,raccoon
raccoon/raccoon-117.jpg,100,124,266,324,raccoon
raccoon/raccoon-117.jpg,342,101,570,297,raccoon
raccoon/raccoon-118.jpg,109,31,307,297,raccoon
raccoon/raccoon-119.jpg,16,62,362,353,raccoon
raccoon/raccoon-119.jpg,211,359,277,402,raccoon
raccoon/raccoon-119.jpg,198,392,280,473,raccoon
raccoon/raccoon-12.jpg,28,21,126,181,raccoon
raccoon/raccoon-12.jpg,85,33,235,193,raccoon
raccoon/raccoon-121.jpg,55,34,416,377,raccoon
raccoon/raccoon-126.jpg,5,5,246,192,raccoon
raccoon/raccoon-127.jpg,125,59,212,165,raccoon
raccoon/raccoon-128.jpg,76,87,190,148,raccoon
raccoon/raccoon-129.jpg,142,24,442,276,raccoon
raccoon/raccoon-13.jpg,55,28,393,313,raccoon
raccoon/raccoon-130.jpg,223,62,497,307,raccoon
raccoon/raccoon-130.jpg,453,41,640,423,raccoon
raccoon/raccoon-131.jpg,1,1,199,184,raccoon
raccoon/raccoon-133.jpg,8,6,476,631,raccoon
raccoon/raccoon-134.jpg,125,87,194,169,raccoon
raccoon/raccoon-135.jpg,99,8,605,404,raccoon
raccoon/raccoon-136.jpg,51,24,198,192,raccoon
raccoon/raccoon-137.jpg,71,8,304,233,raccoon
raccoon/raccoon-138.jpg,56,54,226,150,raccoon
raccoon/raccoon-139.jpg,20,6,177,167,raccoon
raccoon/raccoon-14.jpg,163,81,546,438,raccoon
raccoon/raccoon-141.jpg,1,1,154,176,raccoon
raccoon/raccoon-142.jpg,171,162,811,740,raccoon
raccoon/raccoon-143.jpg,17,29,238,162,raccoon
raccoon/raccoon-144.jpg,117,42,387,390,raccoon
raccoon/raccoon-145.jpg,3,36,345,450,raccoon
raccoon/raccoon-145.jpg,260,41,569,449,raccoon
raccoon/raccoon-146.jpg,4,4,271,180,raccoon
raccoon/raccoon-149.jpg,132,50,305,246,raccoon
raccoon/raccoon-15.jpg,313,61,614,360,raccoon
raccoon/raccoon-150.jpg,80,62,187,169,raccoon
raccoon/raccoon-151.jpg,42,94,108,224,raccoon
raccoon/raccoon-152.jpg,41,60,223,155,raccoon
raccoon/raccoon-153.jpg,10,1,612,700,raccoon
raccoon/raccoon-154.jpg,148,56,517,346,raccoon
raccoon/raccoon-155.jpg,46,91,143,169,raccoon
raccoon/raccoon-157.jpg,1,1,144,209,raccoon
raccoon/raccoon-158.jpg,23,23,262,177,raccoon
raccoon/raccoon-159.jpg,14,11,223,221,raccoon
raccoon/raccoon-16.jpg,51,178,355,632,raccoon
raccoon/raccoon-160.jpg,7,42,162,197,raccoon
raccoon/raccoon-161.jpg,209,73,385,186,raccoon
raccoon/raccoon-162.jpg,45,34,161,184,raccoon
raccoon/raccoon-164.jpg,10,27,178,184,raccoon
raccoon/raccoon-169.jpg,194,1,549,409,raccoon
raccoon/raccoon-17.jpg,95,60,167,118,raccoon
raccoon/raccoon-170.jpg,53,27,254,173,raccoon
raccoon/raccoon-171.jpg,108,21,180,115,raccoon
raccoon/raccoon-172.jpg,183,53,399,302,raccoon
raccoon/raccoon-173.jpg,202,21,515,387,raccoon
raccoon/raccoon-174.jpg,125,43,588,527,raccoon
raccoon/raccoon-175.jpg,69,89,354,378,raccoon
raccoon/raccoon-176.jpg,308,90,611,426,raccoon
raccoon/raccoon-176.jpg,103,1,314,189,raccoon
raccoon/raccoon-177.jpg,8,18,157,178,raccoon
raccoon/raccoon-177.jpg,146,13,263,146,raccoon
raccoon/raccoon-178.jpg,59,12,242,180,raccoon
raccoon/raccoon-179.jpg,1,176,270,427,raccoon
raccoon/raccoon-18.jpg,32,25,201,130,raccoon
raccoon/raccoon-180.jpg,119,21,368,399,raccoon
raccoon/raccoon-181.jpg,100,1,420,411,raccoon
raccoon/raccoon-182.jpg,17,122,279,499,raccoon
raccoon/raccoon-185.jpg,25,1,200,181,raccoon
raccoon/raccoon-186.jpg,34,40,536,387,raccoon
raccoon/raccoon-187.jpg,161,112,292,276,raccoon
raccoon/raccoon-189.jpg,19,2,508,438,raccoon
raccoon/raccoon-19.jpg,87,8,182,89,raccoon
raccoon/raccoon-190.jpg,78,54,153,135,raccoon
raccoon/raccoon-192.jpg,127,160,298,289,raccoon
raccoon/raccoon-194.jpg,1,63,885,1042,raccoon
raccoon/raccoon-195.jpg,25,111,197,225,raccoon
raccoon/raccoon-196.jpg,83,87,211,211,raccoon
raccoon/raccoon-197.jpg,114,35,987,653,raccoon
raccoon/raccoon-198.jpg,57,21,158,184,raccoon
raccoon/raccoon-198.jpg,112,32,199,158,raccoon
raccoon/raccoon-199.jpg,28,64,530,402,raccoon
raccoon/raccoon-2.jpg,60,51,462,499,raccoon
raccoon/raccoon-200.jpg,107,10,249,166,raccoon
raccoon/raccoon-21.jpg,59,2,216,171,raccoon
raccoon/raccoon-22.jpg,252,76,466,335,raccoon
raccoon/raccoon-23.jpg,108,1,258,194,raccoon
raccoon/raccoon-24.jpg,77,48,179,156,raccoon
raccoon/raccoon-24.jpg,139,77,202,145,raccoon
raccoon/raccoon-25.jpg,31,82,325,641,raccoon
raccoon/raccoon-26.jpg,114,5,306,337,raccoon
raccoon/raccoon-27.jpg,14,38,592,373,raccoon
raccoon/raccoon-28.jpg,93,80,601,452,raccoon
raccoon/raccoon-29.jpg,70,6,219,179,raccoon
raccoon/raccoon-3.jpg,1,1,720,476,raccoon
raccoon/raccoon-30.jpg,78,25,182,177,raccoon
raccoon/raccoon-31.jpg,82,21,187,197,raccoon
raccoon/raccoon-31.jpg,11,55,80,145,raccoon
raccoon/raccoon-33.jpg,89,12,593,843,raccoon
raccoon/raccoon-34.jpg,1,2,227,194,raccoon
raccoon/raccoon-35.jpg,1,1,164,183,raccoon
raccoon/raccoon-36.jpg,113,27,468,428,raccoon
raccoon/raccoon-4.jpg,21,11,200,183,raccoon
raccoon/raccoon-40.jpg,164,53,349,275,raccoon
raccoon/raccoon-41.jpg,211,78,530,468,raccoon
raccoon/raccoon-42.jpg,121,206,410,767,raccoon
raccoon/raccoon-44.jpg,45,14,247,165,raccoon
raccoon/raccoon-45.jpg,140,6,454,370,raccoon
raccoon/raccoon-46.jpg,145,2,423,318,raccoon
raccoon/raccoon-47.jpg,34,4,233,193,raccoon
raccoon/raccoon-48.jpg,43,28,240,176,raccoon
raccoon/raccoon-49.jpg,162,36,611,395,raccoon
raccoon/raccoon-51.jpg,315,105,772,540,raccoon
raccoon/raccoon-52.jpg,105,10,502,501,raccoon
raccoon/raccoon-54.jpg,78,5,517,333,raccoon
raccoon/raccoon-55.jpg,6,49,250,320,raccoon
raccoon/raccoon-55.jpg,274,27,563,410,raccoon
raccoon/raccoon-56.jpg,20,6,224,201,raccoon
raccoon/raccoon-57.jpg,82,6,638,423,raccoon
raccoon/raccoon-58.jpg,2,1,199,221,raccoon
raccoon/raccoon-59.jpg,1,2,449,432,raccoon
raccoon/raccoon-6.jpg,1,44,307,316,raccoon
raccoon/raccoon-61.jpg,94,63,195,148,raccoon
raccoon/raccoon-61.jpg,142,39,213,108,raccoon
raccoon/raccoon-62.jpg,73,19,632,407,raccoon
raccoon/raccoon-63.jpg,74,107,280,290,raccoon
raccoon/raccoon-63.jpg,227,93,403,298,raccoon
raccoon/raccoon-64.jpg,1,1,247,194,raccoon
raccoon/raccoon-65.jpg,123,27,338,284,raccoon
raccoon/raccoon-66.jpg,220,37,697,440,raccoon
raccoon/raccoon-67.jpg,18,17,224,168,raccoon
raccoon/raccoon-68.jpg,1,24,517,423,raccoon
raccoon/raccoon-69.jpg,12,11,188,240,raccoon
raccoon/raccoon-70.jpg,60,4,421,369,raccoon
raccoon/raccoon-71.jpg,129,51,628,373,raccoon
raccoon/raccoon-73.jpg,56,16,274,166,raccoon
raccoon/raccoon-74.jpg,141,6,472,505,raccoon
raccoon/raccoon-75.jpg,1,1,640,459,raccoon
raccoon/raccoon-76.jpg,14,1,212,132,raccoon
raccoon/raccoon-77.jpg,161,1,627,330,raccoon
raccoon/raccoon-78.jpg,28,15,221,216,raccoon
raccoon/raccoon-79.jpg,120,1,568,425,raccoon
raccoon/raccoon-8.jpg,16,11,236,175,raccoon
raccoon/raccoon-80.jpg,21,27,177,182,raccoon
raccoon/raccoon-81.jpg,4,54,574,410,raccoon
raccoon/raccoon-83.jpg,104,3,509,369,raccoon
raccoon/raccoon-84.jpg,31,6,197,163,raccoon
raccoon/raccoon-88.jpg,116,41,526,436,raccoon
raccoon/raccoon-89.jpg,18,6,225,176,raccoon
raccoon/raccoon-9.jpg,10,7,347,471,raccoon
raccoon/raccoon-91.jpg,22,14,216,308,raccoon
raccoon/raccoon-92.jpg,37,32,729,543,raccoon
raccoon/raccoon-93.jpg,66,29,233,190,raccoon
raccoon/raccoon-94.jpg,155,10,543,445,raccoon
raccoon/raccoon-96.jpg,28,25,203,175,raccoon
raccoon/raccoon-97.jpg,1,32,343,307,raccoon
raccoon/raccoon-98.jpg,108,31,351,308,raccoon
raccoon/raccoon-99.jpg,15,40,132,226,raccoon
